gain,model,case,CPT,NRMS
L0,Actual,PC12,CPT2,0.004801008604543722
L0,Actual,PC12,CPT3,0.0018277937178542876
L0,Actual,PC12,CPT4,0.0009655553559440097
L0,Actual,PC12,CPT5,0.000721356321302297
L0,Actual,PC12,CPT6,0.0009037869937866627
L0,Actual,PC12,CPT7,0.0010411675481033433
L0,Actual,PC12,CPT8,0.0013152088559725324
L0,Actual,PC12,CPT9,0.0013599213054784772
L0,Actual,PC12,CPT10,0.0004621384384765792
L0,Actual,PC12,CPT11,0.001866292995090569
L0,Actual,PC12,CPT12,0.0013841173274744124
L0,Actual,PC12,CPT13,0.002026617744318913
L0,Actual,PC12,CPT15,0.0016189880944058798
L0,Actual,PC12,CPT16,0.0008654647524431613
L0,Actual,PC12,GLOBAL,0.0017982514225373756
L0,Linear,PC12,CPT2,0.009095737003301366
L0,Linear,PC12,CPT3,0.002972014486003829
L0,Linear,PC12,CPT4,0.0036701526544060726
L0,Linear,PC12,CPT5,0.0025806284319857204
L0,Linear,PC12,CPT6,0.0023162749657953093
L0,Linear,PC12,CPT7,0.0025776595689561326
L0,Linear,PC12,CPT8,0.0014551983592421176
L0,Linear,PC12,CPT9,0.0045747368546506595
L0,Linear,PC12,CPT10,0.002788519512578015
L0,Linear,PC12,CPT11,0.0018709145393937573
L0,Linear,PC12,CPT12,0.0038858846032609503
L0,Linear,PC12,CPT13,0.0026549924565703533
L0,Linear,PC12,CPT15,0.003358935672985884
L0,Linear,PC12,CPT16,0.0017513417310016178
L0,Linear,PC12,GLOBAL,0.0037120468702858123
L0,Quadratic,PC12,CPT2,0.005609428107323463
L0,Quadratic,PC12,CPT3,0.0031088885806474092
L0,Quadratic,PC12,CPT4,0.0021924183148371397
L0,Quadratic,PC12,CPT5,0.0031175013430008664
L0,Quadratic,PC12,CPT6,0.0011003416756294778
L0,Quadratic,PC12,CPT7,0.0018944684665653559
L0,Quadratic,PC12,CPT8,0.002638732518743927
L0,Quadratic,PC12,CPT9,0.0019878078722771076
L0,Quadratic,PC12,CPT10,0.0013985657668402047
L0,Quadratic,PC12,CPT11,0.0020960552381252633
L0,Quadratic,PC12,CPT12,0.0023846577502506096
L0,Quadratic,PC12,CPT13,0.002451896993013439
L0,Quadratic,PC12,CPT15,0.0019968065971327402
L0,Quadratic,PC12,CPT16,0.0024581294152266494
L0,Quadratic,PC12,GLOBAL,0.002662687750679856
M0,Actual,PC12,CPT2,0.005000063758796184
M0,Actual,PC12,CPT3,0.0020705050938908866
M0,Actual,PC12,CPT4,0.00046926340438346246
M0,Actual,PC12,CPT5,0.0006613034626427899
M0,Actual,PC12,CPT6,0.0007835292117204113
M0,Actual,PC12,CPT7,0.001229077201120742
M0,Actual,PC12,CPT8,0.0012596343607100694
M0,Actual,PC12,CPT9,0.0014339934007799478
M0,Actual,PC12,CPT10,0.00044302325067174407
M0,Actual,PC12,CPT11,0.0008181501573369515
M0,Actual,PC12,CPT12,0.0013843534290649555
M0,Actual,PC12,CPT13,0.002415192103200362
M0,Actual,PC12,CPT15,0.00177936354851823
M0,Actual,PC12,CPT16,0.0011627373819133593
M0,Actual,PC12,GLOBAL,0.0018598048677979416
M0,Linear,PC12,CPT2,0.005923805208864347
M0,Linear,PC12,CPT3,0.00566959554008805
M0,Linear,PC12,CPT4,0.004897276375699305
M0,Linear,PC12,CPT5,0.0009114832048304518
M0,Linear,PC12,CPT6,0.0019155550682444897
M0,Linear,PC12,CPT7,0.0027242016973378852
M0,Linear,PC12,CPT8,0.0017919820860161314
M0,Linear,PC12,CPT9,0.004449990825249722
M0,Linear,PC12,CPT10,0.0025693475880093587
M0,Linear,PC12,CPT11,0.0022318478308976067
M0,Linear,PC12,CPT12,0.005642016725277076
M0,Linear,PC12,CPT13,0.003624627360121764
M0,Linear,PC12,CPT15,0.002011037760086251
M0,Linear,PC12,CPT16,0.002277157260284838
M0,Linear,PC12,GLOBAL,0.003710036640634774
M0,Quadratic,PC12,CPT2,0.0053958612276178465
M0,Quadratic,PC12,CPT3,0.004182864899349136
M0,Quadratic,PC12,CPT4,0.0007121162039450834
M0,Quadratic,PC12,CPT5,0.004486857368813942
M0,Quadratic,PC12,CPT6,0.0010172993645386958
M0,Quadratic,PC12,CPT7,0.0027716650897509428
M0,Quadratic,PC12,CPT8,0.003222489024915622
M0,Quadratic,PC12,CPT9,0.0032083969041701806
M0,Quadratic,PC12,CPT10,0.0014214963747188885
M0,Quadratic,PC12,CPT11,0.0021918906995107095
M0,Quadratic,PC12,CPT12,0.0016474036928956284
M0,Quadratic,PC12,CPT13,0.004266608810656956
M0,Quadratic,PC12,CPT15,0.001933497300997659
M0,Quadratic,PC12,CPT16,0.001755415477033792
M0,Quadratic,PC12,GLOBAL,0.0031102697952545876
H0,Actual,PC12,CPT2,0.006916652794528517
H0,Actual,PC12,CPT3,0.00294650567165531
H0,Actual,PC12,CPT4,0.0007865499203613632
H0,Actual,PC12,CPT5,0.0008697878838665174
H0,Actual,PC12,CPT6,0.0007956746625201522
H0,Actual,PC12,CPT7,0.001265448102420553
H0,Actual,PC12,CPT8,0.0032187984252000654
H0,Actual,PC12,CPT9,0.001891949139380246
H0,Actual,PC12,CPT10,0.00040951167086582767
H0,Actual,PC12,CPT11,0.0009085568632109759
H0,Actual,PC12,CPT12,0.0013822859865580983
H0,Actual,PC12,CPT13,0.003136851493986151
H0,Actual,PC12,CPT15,0.0018648349865048757
H0,Actual,PC12,CPT16,0.001260862564095547
H0,Actual,PC12,GLOBAL,0.0025346376112696796
H0,Linear,PC12,CPT2,0.009992463133528763
H0,Linear,PC12,CPT3,0.0036173141187478275
H0,Linear,PC12,CPT4,0.0015245189130388282
H0,Linear,PC12,CPT5,0.001848186556974325
H0,Linear,PC12,CPT6,0.0025710132570803505
H0,Linear,PC12,CPT7,0.004343719967323862
H0,Linear,PC12,CPT8,0.0032276061823886593
H0,Linear,PC12,CPT9,0.004461280525763679
H0,Linear,PC12,CPT10,0.001146133686292295
H0,Linear,PC12,CPT11,0.004444860658001661
H0,Linear,PC12,CPT12,0.004816262422849305
H0,Linear,PC12,CPT13,0.003689620621346498
H0,Linear,PC12,CPT15,0.002999387658748044
H0,Linear,PC12,CPT16,0.0023841706850675653
H0,Linear,PC12,GLOBAL,0.004206154613443603
H0,Quadratic,PC12,CPT2,0.008194269413213606
H0,Quadratic,PC12,CPT3,0.004550962442533159
H0,Quadratic,PC12,CPT4,0.0015247938893935776
H0,Quadratic,PC12,CPT5,0.0037934946019458874
H0,Quadratic,PC12,CPT6,0.0008608725316246058
H0,Quadratic,PC12,CPT7,0.0020208848276904727
H0,Quadratic,PC12,CPT8,0.0032205037706708474
H0,Quadratic,PC12,CPT9,0.0030060880107083037
H0,Quadratic,PC12,CPT10,0.0008391009233354881
H0,Quadratic,PC12,CPT11,0.0012117494591913534
H0,Quadratic,PC12,CPT12,0.0019533911392309077
H0,Quadratic,PC12,CPT13,0.003991934956621353
H0,Quadratic,PC12,CPT15,0.0021003652138466334
H0,Quadratic,PC12,CPT16,0.004020683650134599
H0,Quadratic,PC12,GLOBAL,0.0034991418487298922
L1,Actual,PC12,CPT2,0.005556548640343599
L1,Actual,PC12,CPT3,0.002282511308164519
L1,Actual,PC12,CPT4,0.004159048100887546
L1,Actual,PC12,CPT5,0.0036137759735725963
L1,Actual,PC12,CPT6,0.0028376709910956956
L1,Actual,PC12,CPT7,0.002565922877437081
L1,Actual,PC12,CPT8,0.008212178645952493
L1,Actual,PC12,CPT9,0.0020879829753452776
L1,Actual,PC12,CPT10,0.0015988702800615712
L1,Actual,PC12,CPT11,0.0035417671457152813
L1,Actual,PC12,CPT12,0.001821150725863518
L1,Actual,PC12,CPT13,0.0029027868744870276
L1,Actual,PC12,CPT15,0.0015426407902713094
L1,Actual,PC12,CPT16,0.004109314634748151
L1,Actual,PC12,GLOBAL,0.003685280041569094
L1,Linear,PC12,CPT2,0.0074372934302328175
L1,Linear,PC12,CPT3,0.0031554471929836863
L1,Linear,PC12,CPT4,0.005064654917301484
L1,Linear,PC12,CPT5,0.005441317073916132
L1,Linear,PC12,CPT6,0.006155519338647741
L1,Linear,PC12,CPT7,0.003521836997942238
L1,Linear,PC12,CPT8,0.010068660721592014
L1,Linear,PC12,CPT9,0.0029407877482821717
L1,Linear,PC12,CPT10,0.004008329403977721
L1,Linear,PC12,CPT11,0.004996733391630541
L1,Linear,PC12,CPT12,0.002819124106593721
L1,Linear,PC12,CPT13,0.0029058098049694918
L1,Linear,PC12,CPT15,0.0023572740219059904
L1,Linear,PC12,CPT16,0.004403053936247462
L1,Linear,PC12,GLOBAL,0.004999433214433834
L1,Quadratic,PC12,CPT2,0.005601498325273944
L1,Quadratic,PC12,CPT3,0.0023406316144458754
L1,Quadratic,PC12,CPT4,0.004460002915883462
L1,Quadratic,PC12,CPT5,0.0037736827350805624
L1,Quadratic,PC12,CPT6,0.004274980294938306
L1,Quadratic,PC12,CPT7,0.0029554353277728034
L1,Quadratic,PC12,CPT8,0.008770546153629545
L1,Quadratic,PC12,CPT9,0.002319903584571229
L1,Quadratic,PC12,CPT10,0.002507010794068907
L1,Quadratic,PC12,CPT11,0.003983228576058502
L1,Quadratic,PC12,CPT12,0.0018728794693863074
L1,Quadratic,PC12,CPT13,0.003170887691450215
L1,Quadratic,PC12,CPT15,0.002927805998130736
L1,Quadratic,PC12,CPT16,0.004476456817581344
L1,Quadratic,PC12,GLOBAL,0.0040852703743727795
M1,Actual,PC12,CPT2,0.005053348481724526
M1,Actual,PC12,CPT3,0.001706631243398204
M1,Actual,PC12,CPT4,0.0033824969734074905
M1,Actual,PC12,CPT5,0.003200116735321255
M1,Actual,PC12,CPT6,0.0008657851899860364
M1,Actual,PC12,CPT7,0.0027812382717267814
M1,Actual,PC12,CPT8,0.0008135463241565026
M1,Actual,PC12,CPT9,0.0016012822096507175
M1,Actual,PC12,CPT10,0.0014597998295378762
M1,Actual,PC12,CPT11,0.0015489077274888985
M1,Actual,PC12,CPT12,0.0014914117519192935
M1,Actual,PC12,CPT13,0.0028361400317353843
M1,Actual,PC12,CPT15,0.002621327846796115
M1,Actual,PC12,CPT16,0.004707602145063974
M1,Actual,PC12,GLOBAL,0.0027567392794171554
M1,Linear,PC12,CPT2,0.008412663357828698
M1,Linear,PC12,CPT3,0.00235704908255986
M1,Linear,PC12,CPT4,0.0041305174237805916
M1,Linear,PC12,CPT5,0.0034654517421916155
M1,Linear,PC12,CPT6,0.0022863334609459947
M1,Linear,PC12,CPT7,0.00726664197538826
M1,Linear,PC12,CPT8,0.0009213324469398296
M1,Linear,PC12,CPT9,0.0035136859019613627
M1,Linear,PC12,CPT10,0.0017061207559789968
M1,Linear,PC12,CPT11,0.0024919768909496755
M1,Linear,PC12,CPT12,0.004967344006729079
M1,Linear,PC12,CPT13,0.004479250457985178
M1,Linear,PC12,CPT15,0.003535271741403746
M1,Linear,PC12,CPT16,0.004808720993905516
M1,Linear,PC12,GLOBAL,0.0044599774782129314
M1,Quadratic,PC12,CPT2,0.005728310589734924
M1,Quadratic,PC12,CPT3,0.002070826614786522
M1,Quadratic,PC12,CPT4,0.0034956274824703114
M1,Quadratic,PC12,CPT5,0.003331267266775673
M1,Quadratic,PC12,CPT6,0.0012853665865421849
M1,Quadratic,PC12,CPT7,0.002786050462612895
M1,Quadratic,PC12,CPT8,0.0009049424262884125
M1,Quadratic,PC12,CPT9,0.0020582805703232665
M1,Quadratic,PC12,CPT10,0.0015286903803131025
M1,Quadratic,PC12,CPT11,0.0016203232204557779
M1,Quadratic,PC12,CPT12,0.0016778721649156766
M1,Quadratic,PC12,CPT13,0.0028370593517077895
M1,Quadratic,PC12,CPT15,0.0038257423198850052
M1,Quadratic,PC12,CPT16,0.005573661169252129
M1,Quadratic,PC12,GLOBAL,0.0031151918880718095
H1,Actual,PC12,CPT2,0.0065879809882833365
H1,Actual,PC12,CPT3,0.002213152442254923
H1,Actual,PC12,CPT4,0.0026601536784746217
H1,Actual,PC12,CPT5,0.0030650425045980244
H1,Actual,PC12,CPT6,0.0019591447537672785
H1,Actual,PC12,CPT7,0.0032246282133063095
H1,Actual,PC12,CPT8,0.004579031409472217
H1,Actual,PC12,CPT9,0.001964174491563377
H1,Actual,PC12,CPT10,0.0015600853022863879
H1,Actual,PC12,CPT11,0.002337738484115949
H1,Actual,PC12,CPT12,0.0012636001007376634
H1,Actual,PC12,CPT13,0.004087900430018448
H1,Actual,PC12,CPT15,0.0018761929066736648
H1,Actual,PC12,CPT16,0.005049661467741938
H1,Actual,PC12,GLOBAL,0.0033555491855756683
H1,Linear,PC12,CPT2,0.008750765836010662
H1,Linear,PC12,CPT3,0.00310941404366241
H1,Linear,PC12,CPT4,0.0027010484296627825
H1,Linear,PC12,CPT5,0.0034631261399324293
H1,Linear,PC12,CPT6,0.00316525395276634
H1,Linear,PC12,CPT7,0.005375495071246002
H1,Linear,PC12,CPT8,0.004595393029087121
H1,Linear,PC12,CPT9,0.003852916708375523
H1,Linear,PC12,CPT10,0.002393479039408166
H1,Linear,PC12,CPT11,0.003345891656148912
H1,Linear,PC12,CPT12,0.001962758328714871
H1,Linear,PC12,CPT13,0.004540225257199468
H1,Linear,PC12,CPT15,0.0026986104817313464
H1,Linear,PC12,CPT16,0.005970142569051304
H1,Linear,PC12,GLOBAL,0.004355762427326707
H1,Quadratic,PC12,CPT2,0.007159413353553406
H1,Quadratic,PC12,CPT3,0.002481155801875842
H1,Quadratic,PC12,CPT4,0.002796171173566695
H1,Quadratic,PC12,CPT5,0.003165625542115547
H1,Quadratic,PC12,CPT6,0.0028838011966415508
H1,Quadratic,PC12,CPT7,0.0033812550671960483
H1,Quadratic,PC12,CPT8,0.004659378881700871
H1,Quadratic,PC12,CPT9,0.00313553046168863
H1,Quadratic,PC12,CPT10,0.0020045781228910935
H1,Quadratic,PC12,CPT11,0.004340007118591116
H1,Quadratic,PC12,CPT12,0.001382341087729644
H1,Quadratic,PC12,CPT13,0.004167048844916656
H1,Quadratic,PC12,CPT15,0.0022200817861539857
H1,Quadratic,PC12,CPT16,0.005592552448653243
H1,Quadratic,PC12,GLOBAL,0.0037877284822508315
L2,Actual,PC12,CPT2,0.004035927666383934
L2,Actual,PC12,CPT3,0.00162135664869324
L2,Actual,PC12,CPT4,0.0009864079759625943
L2,Actual,PC12,CPT5,0.0005920617968864335
L2,Actual,PC12,CPT6,0.0011131568078272037
L2,Actual,PC12,CPT7,0.001442204233038984
L2,Actual,PC12,CPT8,0.0014662609207600848
L2,Actual,PC12,CPT9,0.001513970077192725
L2,Actual,PC12,CPT10,0.0007221495803719174
L2,Actual,PC12,CPT11,0.0018797782171912439
L2,Actual,PC12,CPT12,0.0017041386661957772
L2,Actual,PC12,CPT13,0.002801797337512406
L2,Actual,PC12,CPT15,0.001729166968592427
L2,Actual,PC12,CPT16,0.0013525610573524379
L2,Actual,PC12,GLOBAL,0.0018433883705833343
L2,Linear,PC12,CPT2,0.008343344699957513
L2,Linear,PC12,CPT3,0.00233624372219401
L2,Linear,PC12,CPT4,0.0040653473589909546
L2,Linear,PC12,CPT5,0.002809976704643752
L2,Linear,PC12,CPT6,0.0018954551366891562
L2,Linear,PC12,CPT7,0.002185875927131035
L2,Linear,PC12,CPT8,0.004059187359998784
L2,Linear,PC12,CPT9,0.0035548934701338905
L2,Linear,PC12,CPT10,0.00489288424960334
L2,Linear,PC12,CPT11,0.006929026240094427
L2,Linear,PC12,CPT12,0.00331433636396413
L2,Linear,PC12,CPT13,0.00535937237046389
L2,Linear,PC12,CPT15,0.00305793181960449
L2,Linear,PC12,CPT16,0.00275697055311069
L2,Linear,PC12,GLOBAL,0.004332347333980691
L2,Quadratic,PC12,CPT2,0.00415996770897627
L2,Quadratic,PC12,CPT3,0.004013110248869148
L2,Quadratic,PC12,CPT4,0.001078178297960269
L2,Quadratic,PC12,CPT5,0.0007128854132385592
L2,Quadratic,PC12,CPT6,0.0014537349471403487
L2,Quadratic,PC12,CPT7,0.002568963507715726
L2,Quadratic,PC12,CPT8,0.004584836687603407
L2,Quadratic,PC12,CPT9,0.002044513028725936
L2,Quadratic,PC12,CPT10,0.003222695638495387
L2,Quadratic,PC12,CPT11,0.004238035160375383
L2,Quadratic,PC12,CPT12,0.001729450361037169
L2,Quadratic,PC12,CPT13,0.0033985926596368514
L2,Quadratic,PC12,CPT15,0.004324781557974753
L2,Quadratic,PC12,CPT16,0.0019532616720923926
L2,Quadratic,PC12,GLOBAL,0.0030597912345332228
M2,Actual,PC12,CPT2,0.004143584998261521
M2,Actual,PC12,CPT3,0.0022443203781599315
M2,Actual,PC12,CPT4,0.0009029143015251033
M2,Actual,PC12,CPT5,0.0007923668788007453
M2,Actual,PC12,CPT6,0.0010940394995966676
M2,Actual,PC12,CPT7,0.0013390569016679807
M2,Actual,PC12,CPT8,0.001591592716249521
M2,Actual,PC12,CPT9,0.001632927284715901
M2,Actual,PC12,CPT10,0.0012060577117145295
M2,Actual,PC12,CPT11,0.001399042921355945
M2,Actual,PC12,CPT12,0.0019590301592598757
M2,Actual,PC12,CPT13,0.003252419513076762
M2,Actual,PC12,CPT15,0.001864327165247896
M2,Actual,PC12,CPT16,0.0017112061398430651
M2,Actual,PC12,GLOBAL,0.00201308998856698
M2,Linear,PC12,CPT2,0.011348727256778003
M2,Linear,PC12,CPT3,0.002431949915086665
M2,Linear,PC12,CPT4,0.002759389064544895
M2,Linear,PC12,CPT5,0.0010215565063366066
M2,Linear,PC12,CPT6,0.0031997739347752333
M2,Linear,PC12,CPT7,0.004694116124113695
M2,Linear,PC12,CPT8,0.0017244186582023484
M2,Linear,PC12,CPT9,0.0026934248532684375
M2,Linear,PC12,CPT10,0.0013349195130799402
M2,Linear,PC12,CPT11,0.0034888563948058493
M2,Linear,PC12,CPT12,0.002591959885138156
M2,Linear,PC12,CPT13,0.0082382343271783
M2,Linear,PC12,CPT15,0.005040395615764185
M2,Linear,PC12,CPT16,0.002754589595351055
M2,Linear,PC12,GLOBAL,0.0047196531337310565
M2,Quadratic,PC12,CPT2,0.004803308805707328
M2,Quadratic,PC12,CPT3,0.00262855915405274
M2,Quadratic,PC12,CPT4,0.0013271544768659656
M2,Quadratic,PC12,CPT5,0.0011942897514372263
M2,Quadratic,PC12,CPT6,0.0019884695461568893
M2,Quadratic,PC12,CPT7,0.0015536650945911722
M2,Quadratic,PC12,CPT8,0.001606257201553297
M2,Quadratic,PC12,CPT9,0.00233935465894708
M2,Quadratic,PC12,CPT10,0.0018362620315718258
M2,Quadratic,PC12,CPT11,0.001845884242982625
M2,Quadratic,PC12,CPT12,0.0020611141916454605
M2,Quadratic,PC12,CPT13,0.0033130484132092865
M2,Quadratic,PC12,CPT15,0.0019412496474350027
M2,Quadratic,PC12,CPT16,0.0029029533929595666
M2,Quadratic,PC12,GLOBAL,0.0024164953610988976
H2,Actual,PC12,CPT2,0.006045237524345966
H2,Actual,PC12,CPT3,0.003108974053054383
H2,Actual,PC12,CPT4,0.0012020878604469148
H2,Actual,PC12,CPT5,0.001687660042651939
H2,Actual,PC12,CPT6,0.001317073468743113
H2,Actual,PC12,CPT7,0.001490053473172585
H2,Actual,PC12,CPT8,0.0025597998177204293
H2,Actual,PC12,CPT9,0.0020636918151407243
H2,Actual,PC12,CPT10,0.001688266206565546
H2,Actual,PC12,CPT11,0.001367452401345138
H2,Actual,PC12,CPT12,0.0017155220517104178
H2,Actual,PC12,CPT13,0.00463050166790366
H2,Actual,PC12,CPT15,0.0019688133485707437
H2,Actual,PC12,CPT16,0.0020378127100467293
H2,Actual,PC12,GLOBAL,0.0027209621470400164
H2,Linear,PC12,CPT2,0.010543709380769385
H2,Linear,PC12,CPT3,0.0034547785022805877
H2,Linear,PC12,CPT4,0.0038691478508290043
H2,Linear,PC12,CPT5,0.0030316305243811843
H2,Linear,PC12,CPT6,0.002146804643398848
H2,Linear,PC12,CPT7,0.005055020829549446
H2,Linear,PC12,CPT8,0.0029252799236203935
H2,Linear,PC12,CPT9,0.0034266633270590556
H2,Linear,PC12,CPT10,0.0021063061554630756
H2,Linear,PC12,CPT11,0.0027298582253013058
H2,Linear,PC12,CPT12,0.0028469626687367476
H2,Linear,PC12,CPT13,0.007024049639778989
H2,Linear,PC12,CPT15,0.002344136222380137
H2,Linear,PC12,CPT16,0.0021462632352437505
H2,Linear,PC12,GLOBAL,0.004508056095484795
H2,Quadratic,PC12,CPT2,0.007625354220651141
H2,Quadratic,PC12,CPT3,0.0033036143351631276
H2,Quadratic,PC12,CPT4,0.0023358240843249336
H2,Quadratic,PC12,CPT5,0.0019199494862339453
H2,Quadratic,PC12,CPT6,0.0016316120213966904
H2,Quadratic,PC12,CPT7,0.001505517858174922
H2,Quadratic,PC12,CPT8,0.0025601879217161164
H2,Quadratic,PC12,CPT9,0.002849388134187944
H2,Quadratic,PC12,CPT10,0.0019253646249260217
H2,Quadratic,PC12,CPT11,0.001999341870091252
H2,Quadratic,PC12,CPT12,0.002069360305820614
H2,Quadratic,PC12,CPT13,0.004855035183165315
H2,Quadratic,PC12,CPT15,0.002046731486209422
H2,Quadratic,PC12,CPT16,0.004732510107072544
H2,Quadratic,PC12,GLOBAL,0.0033763940774428317
L3,Actual,PC12,CPT2,0.0039062381774868466
L3,Actual,PC12,CPT3,0.0013111163845007398
L3,Actual,PC12,CPT4,0.0012761136266963749
L3,Actual,PC12,CPT5,0.0006784353207400472
L3,Actual,PC12,CPT6,0.0008847583675285779
L3,Actual,PC12,CPT7,0.0012895312406059941
L3,Actual,PC12,CPT8,0.001088892826092455
L3,Actual,PC12,CPT9,0.0017714412768957632
L3,Actual,PC12,CPT10,0.0008105033078801554
L3,Actual,PC12,CPT11,0.0007874987830762826
L3,Actual,PC12,CPT12,0.0017697010729398103
L3,Actual,PC12,CPT13,0.0017307920534422678
L3,Actual,PC12,CPT15,0.0015709850121598272
L3,Actual,PC12,CPT16,0.0013250814963822726
L3,Actual,PC12,GLOBAL,0.001635770276434674
L3,Linear,PC12,CPT2,0.006058244402529022
L3,Linear,PC12,CPT3,0.003292061461120513
L3,Linear,PC12,CPT4,0.0024420403795765116
L3,Linear,PC12,CPT5,0.0041419601644401595
L3,Linear,PC12,CPT6,0.0011854546245871089
L3,Linear,PC12,CPT7,0.0027590866193663963
L3,Linear,PC12,CPT8,0.0025729139675345794
L3,Linear,PC12,CPT9,0.005511288967866494
L3,Linear,PC12,CPT10,0.003289437082712634
L3,Linear,PC12,CPT11,0.005034711344855596
L3,Linear,PC12,CPT12,0.003693275177409795
L3,Linear,PC12,CPT13,0.00173605275841843
L3,Linear,PC12,CPT15,0.0045188639218741505
L3,Linear,PC12,CPT16,0.003930760132282475
L3,Linear,PC12,GLOBAL,0.003819728753146821
L3,Quadratic,PC12,CPT2,0.008143529262987248
L3,Quadratic,PC12,CPT3,0.006667624196326942
L3,Quadratic,PC12,CPT4,0.007574919771054555
L3,Quadratic,PC12,CPT5,0.0011682683435611017
L3,Quadratic,PC12,CPT6,0.007482157691949283
L3,Quadratic,PC12,CPT7,0.006401192385057381
L3,Quadratic,PC12,CPT8,0.006703259423871226
L3,Quadratic,PC12,CPT9,0.006251430266231918
L3,Quadratic,PC12,CPT10,0.004787826545060095
L3,Quadratic,PC12,CPT11,0.0038641764609191054
L3,Quadratic,PC12,CPT12,0.0021442610704323537
L3,Quadratic,PC12,CPT13,0.00521877331166501
L3,Quadratic,PC12,CPT15,0.003983409630915178
L3,Quadratic,PC12,CPT16,0.005699871572805385
L3,Quadratic,PC12,GLOBAL,0.005685468803624139
M3,Actual,PC12,CPT2,0.003374749199281263
M3,Actual,PC12,CPT3,0.0015323715239043151
M3,Actual,PC12,CPT4,0.0010064642643716024
M3,Actual,PC12,CPT5,0.0009247307903684527
M3,Actual,PC12,CPT6,0.0006127536506379817
M3,Actual,PC12,CPT7,0.0013552854955678794
M3,Actual,PC12,CPT8,0.0008203730145338532
M3,Actual,PC12,CPT9,0.001653430612003722
M3,Actual,PC12,CPT10,0.000838659626213416
M3,Actual,PC12,CPT11,0.0007008635244880407
M3,Actual,PC12,CPT12,0.0019359328922283294
M3,Actual,PC12,CPT13,0.0016836305322512973
M3,Actual,PC12,CPT15,0.00151386091956654
M3,Actual,PC12,CPT16,0.0015385358788878084
M3,Actual,PC12,GLOBAL,0.0015658858013333481
M3,Linear,PC12,CPT2,0.010279455355516472
M3,Linear,PC12,CPT3,0.0017162755994928505
M3,Linear,PC12,CPT4,0.003553313681816718
M3,Linear,PC12,CPT5,0.0010601040032274611
M3,Linear,PC12,CPT6,0.0032054001146358114
M3,Linear,PC12,CPT7,0.003722013334491497
M3,Linear,PC12,CPT8,0.0009704722738211526
M3,Linear,PC12,CPT9,0.004056243872596538
M3,Linear,PC12,CPT10,0.0010488670529177084
M3,Linear,PC12,CPT11,0.006197521820381492
M3,Linear,PC12,CPT12,0.0025262079049970495
M3,Linear,PC12,CPT13,0.006352755316726536
M3,Linear,PC12,CPT15,0.0027501978988822536
M3,Linear,PC12,CPT16,0.0015771761668643281
M3,Linear,PC12,GLOBAL,0.004278294243661129
M3,Quadratic,PC12,CPT2,0.011430336811141077
M3,Quadratic,PC12,CPT3,0.0023702205633990853
M3,Quadratic,PC12,CPT4,0.0023273128059920077
M3,Quadratic,PC12,CPT5,0.0014357634478801879
M3,Quadratic,PC12,CPT6,0.00140510775876694
M3,Quadratic,PC12,CPT7,0.0024865761923794486
M3,Quadratic,PC12,CPT8,0.0009142541661364171
M3,Quadratic,PC12,CPT9,0.0020187525415302486
M3,Quadratic,PC12,CPT10,0.002269238970916902
M3,Quadratic,PC12,CPT11,0.0007838771600327739
M3,Quadratic,PC12,CPT12,0.0023056044658259314
M3,Quadratic,PC12,CPT13,0.007111753938352096
M3,Quadratic,PC12,CPT15,0.002201320342082751
M3,Quadratic,PC12,CPT16,0.0019214472417310524
M3,Quadratic,PC12,GLOBAL,0.004075644304412112
H3,Actual,PC12,CPT2,0.004284799614554217
H3,Actual,PC12,CPT3,0.002308921453313123
H3,Actual,PC12,CPT4,0.0009040386380320167
H3,Actual,PC12,CPT5,0.0015045987916810107
H3,Actual,PC12,CPT6,0.0005468629011764724
H3,Actual,PC12,CPT7,0.0013126381572363675
H3,Actual,PC12,CPT8,0.0012691505896280856
H3,Actual,PC12,CPT9,0.0017578294678969057
H3,Actual,PC12,CPT10,0.0008233466898617198
H3,Actual,PC12,CPT11,0.0007003208086230306
H3,Actual,PC12,CPT12,0.001599878254851608
H3,Actual,PC12,CPT13,0.002305911333077427
H3,Actual,PC12,CPT15,0.0016443583195975954
H3,Actual,PC12,CPT16,0.001857804453668828
H3,Actual,PC12,GLOBAL,0.0018768573127373022
H3,Linear,PC12,CPT2,0.008837815300683182
H3,Linear,PC12,CPT3,0.00295203693188962
H3,Linear,PC12,CPT4,0.0021422049879315478
H3,Linear,PC12,CPT5,0.0030588622255599955
H3,Linear,PC12,CPT6,0.002857041455221874
H3,Linear,PC12,CPT7,0.0018879221482810697
H3,Linear,PC12,CPT8,0.0015444484056716533
H3,Linear,PC12,CPT9,0.004398232513906643
H3,Linear,PC12,CPT10,0.002682321125363148
H3,Linear,PC12,CPT11,0.004848934779376913
H3,Linear,PC12,CPT12,0.0017904110342323947
H3,Linear,PC12,CPT13,0.0032373681933948167
H3,Linear,PC12,CPT15,0.0029764233697434942
H3,Linear,PC12,CPT16,0.0029774313180931117
H3,Linear,PC12,GLOBAL,0.003709659029772577
H3,Quadratic,PC12,CPT2,0.006974721398103931
H3,Quadratic,PC12,CPT3,0.00287630923516053
H3,Quadratic,PC12,CPT4,0.002551711162920049
H3,Quadratic,PC12,CPT5,0.0015308380613622628
H3,Quadratic,PC12,CPT6,0.0016220704621985318
H3,Quadratic,PC12,CPT7,0.0013481464853037635
H3,Quadratic,PC12,CPT8,0.0012823926967702544
H3,Quadratic,PC12,CPT9,0.003110542862970919
H3,Quadratic,PC12,CPT10,0.0008633234238753406
H3,Quadratic,PC12,CPT11,0.001562690490136042
H3,Quadratic,PC12,CPT12,0.0017143372120582187
H3,Quadratic,PC12,CPT13,0.002479558939285837
H3,Quadratic,PC12,CPT15,0.0016583353608560752
H3,Quadratic,PC12,CPT16,0.0054181674787056435
H3,Quadratic,PC12,GLOBAL,0.002962023329836738
