THERM_FPGA,THERM_DCB,VMON_6V,VMON_3V7,VMON_1V8,VMON_3V3D,VMON_2V5D,VMON_1V2D,VMON_VCC_FLASH0,VMON_VCC_FLASH1,VMON_VCC_FLASH2,VMON_VCC_FLASH3,VMON_3V3_HK,VMON_GND,GND_RES,GND_RES2,SPE_P5_V,SPE_P5_C,SPE_N5_V,SPE_N5_C,SPE_1VA8_V,SPE_1VA8_C,SPE_1VAD8_V,SPE_1VAD8_C,SPE_3VD3_V,SPE_3VD3_C,SPE_2VD5_V,SPE_2VD5_C,SPE_1VD8_V,SPE_1VD8_C,SPE_1VD5_V,SPE_1VD5_C,SPE_1VD0_V,SPE_1VD0_C,SPE_FPGA_T,SPE_ADC0_T,SPE_ADC1_T,PFPS_DCB_1V8,PFPS_DCB_3V7,PFPS_DCB_5V,PFPS_SPE_1V5,PFPS_SPE_2V3,PFPS_SPE_3V6,PFPS_SPE_P5V5,PFPS_SPE_N5V5,PFPS_MOT_A,PFPS_PA3_T,PFPS_PA2_T,PFPS_PA1_T,PFPS_PA0_T,PFPS_CAR_T,PFPS_PFPS_T,PFPS_BAT_T,VMON_PDU_COMMS,VMON_PDU_PFPS,VMON_PDU_CAROUSEL,ADC_PWR
-3.92,-5.162,5.52,4.012,1.913,3.248,2.453,1.197,0.0,0.0,0.0,0.0,3.242,0.0,0.0,0.0,5.19,0.111,-4.986,0.087,1.909,0.196,1.916,0.181,3.363,-0.0,2.551,-0.0,1.802,-0.0,1.495,-0.0,1.026,0.001,18.352,13.439,12.052,966,1389,1403,1248,1288,1641,1378,1381,17,-10.146,-7.359,-8.557,-7.759,2498,2011,2499,673,28,0,1
-3.869,-5.109,5.521,4.01,1.911,3.248,2.453,1.197,0.0,0.0,0.0,0.0,3.242,0.0,0.0,0.0,5.177,0.113,-4.986,0.088,1.909,0.196,1.914,0.184,3.365,-0.0,2.551,-0.0,1.802,-0.0,1.495,-0.0,1.013,0.002,18.468,13.439,12.178,965,1388,1402,1197,1285,1630,1374,1377,17,-10.146,-7.759,-8.955,-7.759,2497,2008,2498,671,34,0,1
-3.767,-5.005,5.521,4.012,1.913,3.248,2.453,1.197,0.0,0.0,0.0,0.0,3.242,0.0,0.0,0.0,5.177,0.117,-4.986,0.092,1.909,0.196,1.914,0.186,3.365,-0.0,2.551,-0.0,1.802,-0.0,1.495,-0.0,1.026,0.001,18.584,13.439,12.178,966,1389,1403,1248,1288,1642,1378,1381,17,-10.146,-7.359,-8.158,-7.359,2498,2006,2499,667,28,0,1
-3.665,-4.953,5.521,4.012,1.913,3.248,2.453,1.197,0.0,0.0,0.0,0.0,3.242,0.0,0.0,0.0,5.177,0.12,-4.975,0.095,1.909,0.196,1.914,0.187,3.363,-0.0,2.551,-0.0,1.802,-0.0,1.495,-0.0,1.026,0.001,18.701,13.565,12.178,966,1389,1403,1249,1289,1643,1378,1381,17,-9.749,-7.359,-8.158,-7.759,2498,2004,2499,669,28,0,1
-3.614,-4.848,5.523,4.008,1.912,3.248,2.453,1.197,0.0,0.0,0.0,0.0,3.242,0.0,0.0,0.0,5.163,0.124,-4.975,0.099,1.909,0.196,1.911,0.191,3.365,-0.0,2.551,-0.0,1.802,-0.0,1.495,-0.0,1.013,0.002,18.817,13.565,12.178,965,1388,1402,1196,1284,1628,1373,1376,17,-10.146,-7.359,-8.557,-7.759,2497,2000,2498,669,35,0,1
-3.513,-4.796,5.521,4.012,1.913,3.248,2.453,1.197,0.0,0.0,0.0,0.0,3.242,0.0,0.0,0.0,5.163,0.127,-4.975,0.102,1.909,0.196,1.911,0.192,3.365,-0.0,2.551,-0.0,1.802,-0.0,1.495,-0.0,1.026,0.001,18.817,13.69,12.305,966,1389,1403,1248,1288,1643,1377,1380,17,-9.353,-6.958,-8.158,-7.359,2498,1998,2499,671,29,0,1
-3.411,-4.692,5.523,4.012,1.912,3.248,2.453,1.197,0.0,0.0,0.0,0.0,3.242,0.0,0.0,0.0,5.177,0.124,-4.975,0.099,1.909,0.196,1.914,0.187,3.365,-0.0,2.551,-0.0,1.802,-0.0,1.495,-0.0,1.026,0.001,18.934,13.69,12.305,966,1389,1403,1249,1289,1643,1377,1380,17,-9.353,-6.958,-8.158,-6.958,2498,1995,2499,668,28,0,1
-3.31,-4.589,5.523,4.01,1.911,3.248,2.453,1.197,0.0,0.0,0.0,0.0,3.242,0.0,0.0,0.0,5.177,0.112,-4.986,0.087,1.909,0.196,1.916,0.183,3.363,-0.0,2.551,-0.0,1.802,-0.0,1.495,-0.0,1.013,0.002,19.05,13.816,12.431,965,1388,1402,1198,1285,1629,1375,1378,17,-9.749,-7.359,-8.158,-7.359,2497,1992,2498,670,34,0,1
-3.209,-4.485,5.523,4.012,1.912,3.248,2.453,1.197,0.0,0.0,0.0,0.0,3.242,0.0,0.0,0.0,5.19,0.115,-4.986,0.09,1.909,0.196,1.914,0.186,3.363,-0.0,2.551,-0.0,1.802,-0.0,1.495,-0.0,1.026,0.001,19.167,13.816,12.431,966,1389,1403,1248,1289,1643,1378,1381,17,-9.353,-6.958,-7.759,-7.359,2498,1990,2499,671,28,0,1
-3.059,-4.382,5.523,4.01,1.912,3.248,2.453,1.197,0.0,0.0,0.0,0.0,3.242,0.0,0.0,0.0,5.177,0.117,-4.986,0.092,1.909,0.196,1.914,0.187,3.365,-0.0,2.551,-0.0,1.802,-0.0,1.495,-0.0,1.026,0.001,19.283,13.941,12.557,966,1389,1403,1249,1289,1644,1378,1381,17,-9.353,-6.958,-7.759,-6.958,2498,1987,2499,673,28,0,1
-2.958,-4.279,5.523,4.01,1.911,3.248,2.453,1.197,0.0,0.0,0.0,0.0,3.242,0.0,0.0,0.0,5.177,0.121,-4.975,0.096,1.909,0.196,1.914,0.188,3.365,-0.0,2.551,-0.0,1.802,-0.0,1.495,-0.0,1.013,0.002,19.283,14.067,12.557,965,1388,1403,1196,1284,1629,1374,1376,17,-9.353,-6.958,-8.158,-7.359,2497,1984,2498,667,34,0,1
-2.858,-4.176,5.523,4.012,1.912,3.248,2.453,1.197,0.0,0.0,0.0,0.0,3.242,0.0,0.0,0.0,5.177,0.124,-4.975,0.1,1.909,0.196,1.914,0.19,3.365,-0.0,2.551,-0.0,1.802,-0.0,1.495,-0.0,1.026,0.001,19.4,14.067,12.683,966,1389,1403,1248,1289,1644,1377,1380,17,-9.353,-6.557,-7.759,-6.958,2498,1982,2499,669,28,0,1
-2.708,-4.073,5.523,4.012,1.913,3.248,2.453,1.197,0.0,0.0,0.0,0.0,3.242,0.0,0.0,0.0,5.177,0.126,-4.975,0.101,1.909,0.196,1.914,0.19,3.365,-0.0,2.551,-0.0,1.802,-0.0,1.495,-0.0,1.026,0.001,19.517,14.192,12.683,966,1389,1403,1248,1288,1642,1377,1380,17,-8.955,-6.557,-7.759,-6.958,2498,1980,2499,668,28,0,1
-2.608,-3.971,5.523,4.01,1.912,3.248,2.453,1.197,0.0,0.0,0.0,0.0,3.242,0.0,0.0,0.0,5.177,0.111,-4.986,0.087,1.909,0.196,1.916,0.181,3.363,-0.0,2.551,-0.0,1.802,-0.0,1.495,-0.0,1.013,0.002,19.517,14.192,12.809,965,1388,1402,1197,1286,1631,1375,1377,17,-9.353,-6.958,-7.759,-6.958,2497,1977,2498,666,34,0,1
-2.459,-3.869,5.523,4.012,1.912,3.248,2.453,1.197,0.0,0.0,0.0,0.0,3.242,0.0,0.0,0.0,5.19,0.112,-4.986,0.087,1.909,0.196,1.916,0.184,3.365,-0.0,2.551,-0.0,1.802,-0.0,1.495,-0.0,1.026,0.001,19.633,14.318,12.809,966,1389,1403,1249,1289,1643,1378,1381,17,-8.955,-6.557,-7.359,-6.958,2498,1975,2499,670,28,0,1
-2.36,-3.767,5.523,4.012,1.912,3.248,2.453,1.197,0.0,0.0,0.0,0.0,3.242,0.0,0.0,0.0,5.19,0.115,-4.986,0.09,1.909,0.196,1.916,0.185,3.363,-0.0,2.551,-0.0,1.802,-0.0,1.495,-0.0,1.026,0.001,19.75,14.318,12.936,966,1389,1403,1249,1290,1645,1379,1381,17,-8.557,-6.557,-7.359,-6.958,2497,1973,2499,670,28,0,1
-2.211,-3.614,5.523,4.01,1.91,3.248,2.453,1.197,0.0,0.0,0.0,0.0,3.242,0.0,0.0,0.0,5.177,0.118,-4.975,0.093,1.909,0.196,1.914,0.187,3.363,-0.0,2.551,-0.0,1.802,-0.0,1.495,-0.0,1.013,0.002,19.866,14.443,12.936,965,1388,1403,1197,1285,1631,1374,1377,17,-8.955,-6.557,-7.759,-6.958,2497,1970,2498,668,35,0,1
-2.113,-3.513,5.523,4.012,1.913,3.248,2.453,1.197,0.0,0.0,0.0,0.0,3.242,0.0,0.0,0.0,5.177,0.121,-4.975,0.096,1.909,0.196,1.914,0.189,3.363,-0.0,2.551,-0.0,1.802,-0.0,1.495,-0.0,1.026,0.001,19.866,14.443,13.061,966,1389,1403,1249,1289,1643,1378,1381,17,-8.557,-6.155,-7.359,-6.557,2497,1969,2499,671,29,0,1
-1.965,-3.411,5.523,4.012,1.912,3.248,2.453,1.197,0.0,0.0,0.0,0.0,3.242,0.0,0.0,0.0,5.163,0.125,-4.975,0.101,1.909,0.196,1.911,0.193,3.363,-0.0,2.551,-0.0,1.802,-0.0,1.495,-0.0,1.026,0.001,19.983,14.568,13.187,966,1389,1404,1249,1289,1644,1377,1380,17,-8.557,-6.155,-7.359,-6.557,2497,1966,2499,668,29,0,1
-1.866,-3.31,5.525,4.012,1.91,3.248,2.453,1.197,0.0,0.0,0.0,0.0,3.242,0.0,0.0,0.0,5.163,0.126,-4.975,0.101,1.909,0.196,1.911,0.192,3.363,-0.0,2.551,-0.0,1.802,-0.0,1.495,-0.0,1.013,0.002,20.099,14.693,13.187,965,1388,1403,1195,1285,1630,1373,1377,17,-8.955,-6.557,-7.359,-6.958,2497,1964,2498,666,35,0,1
-1.719,-3.209,5.523,4.012,1.912,3.248,2.453,1.197,0.0,0.0,0.0,0.0,3.242,0.0,0.0,0.0,5.19,0.112,-4.986,0.087,1.909,0.196,1.916,0.181,3.363,-0.0,2.551,-0.0,1.802,-0.0,1.495,-0.0,1.026,0.001,20.216,14.693,13.313,966,1389,1403,1249,1290,1645,1379,1382,17,-8.158,-6.155,-6.958,-6.557,2498,1962,2499,665,28,0,1
-1.621,-3.059,5.525,4.01,1.916,3.248,2.453,1.197,0.0,0.0,0.0,0.0,3.242,0.0,0.0,0.0,5.19,0.113,-4.986,0.088,1.909,0.196,1.916,0.184,3.363,-0.0,2.551,-0.0,1.802,-0.0,1.495,-0.0,1.026,0.001,20.216,14.818,13.313,966,1389,1403,1249,1290,1645,1379,1382,17,-8.158,-6.155,-6.958,-6.155,2498,1960,2499,668,28,0,1
-1.524,-2.958,5.525,4.01,1.912,3.248,2.453,1.197,0.0,0.0,0.0,0.0,3.242,0.0,0.0,0.0,5.177,0.115,-4.986,0.091,1.909,0.196,1.914,0.186,3.363,-0.0,2.551,-0.0,1.802,-0.0,1.495,-0.0,1.016,0.002,20.333,14.944,13.313,965,1388,1403,1197,1285,1631,1375,1377,17,-8.557,-6.155,-6.958,-6.557,2497,1957,2498,664,34,0,1
-1.377,-2.858,5.525,4.012,1.912,3.248,2.453,1.197,0.0,0.0,0.0,0.0,3.242,0.0,0.0,0.0,5.177,0.118,-4.986,0.093,1.909,0.196,1.914,0.187,3.363,-0.0,2.551,-0.0,1.802,-0.0,1.495,-0.0,1.026,0.001,20.449,14.944,13.439,966,1389,1403,1249,1290,1645,1379,1381,17,-8.158,-5.752,-6.958,-6.155,2497,1956,2499,665,28,0,1
-1.28,-2.708,5.525,4.012,1.912,3.248,2.453,1.197,0.0,0.0,0.0,0.0,3.242,0.0,0.0,0.0,5.177,0.122,-4.975,0.098,1.909,0.196,1.914,0.189,3.363,-0.0,2.551,-0.0,1.802,-0.0,1.495,-0.0,1.026,0.001,20.449,14.944,13.439,966,1389,1404,1249,1290,1646,1378,1381,17,-8.158,-5.752,-6.958,-6.155,2497,1954,2499,665,28,0,1
-1.183,-2.608,5.525,4.01,1.91,3.248,2.453,1.197,0.0,0.0,0.0,0.0,3.242,0.0,0.0,0.0,5.163,0.126,-4.975,0.101,1.909,0.196,1.914,0.189,3.365,-0.0,2.551,-0.0,1.802,-0.0,1.495,-0.0,1.013,0.002,20.566,15.069,13.565,966,1388,1403,1196,1285,1630,1374,1377,17,-8.158,-6.155,-6.958,-6.557,2497,1952,2498,665,35,0,1
-1.038,-2.509,5.525,4.012,1.912,3.248,2.453,1.197,0.0,0.0,0.0,0.0,3.242,0.0,0.0,0.0,5.163,0.125,-4.975,0.1,1.909,0.196,1.914,0.188,3.365,-0.0,2.551,-0.0,1.802,-0.0,1.495,-0.0,1.026,0.001,20.683,15.194,13.565,966,1389,1404,1249,1290,1646,1378,1381,17,-7.759,-5.752,-6.557,-6.155,2498,1950,2499,665,28,0,1
-0.941,-2.36,5.525,4.012,1.912,3.248,2.453,1.197,0.0,0.0,0.0,0.0,3.242,0.0,0.0,0.0,5.19,0.11,-4.986,0.086,1.909,0.196,1.911,0.192,3.365,-0.0,2.551,-0.0,1.802,-0.0,1.495,-0.0,1.026,0.001,20.683,15.194,13.69,966,1389,1403,1249,1289,1644,1379,1382,17,-7.759,-5.752,-6.557,-6.155,2498,1949,2499,667,28,0,1
-0.796,-2.261,5.525,4.01,1.914,3.248,2.453,1.197,0.0,0.0,0.0,0.0,3.242,0.0,0.0,0.0,5.177,0.112,-4.986,0.088,1.909,0.196,1.911,0.193,3.365,-0.0,2.551,-0.0,1.802,-0.0,1.495,-0.0,1.026,0.001,20.8,15.319,13.69,966,1388,1403,1248,1290,1646,1379,1382,17,-7.759,-5.752,-6.958,-6.155,2497,1946,2497,666,35,0,1
-0.7,-2.162,5.525,4.012,1.912,3.248,2.453,1.197,0.0,0.0,0.0,0.0,3.242,0.0,0.0,0.0,5.19,0.112,-4.986,0.088,1.909,0.196,1.911,0.194,3.363,-0.0,2.551,-0.0,1.802,-0.0,1.495,-0.0,1.026,0.001,20.8,15.319,13.816,966,1389,1403,1249,1289,1645,1379,1382,17,-7.759,-5.752,-6.557,-5.752,2497,1945,2498,664,28,0,1
-0.604,-2.063,5.523,4.01,1.91,3.248,2.453,1.197,0.0,0.0,0.0,0.0,3.242,0.0,0.0,0.0,5.19,0.112,-4.986,0.089,1.909,0.196,1.909,0.196,3.365,-0.0,2.551,-0.0,1.802,-0.0,1.495,-0.0,1.026,0.001,20.917,15.444,13.816,966,1389,1404,1249,1290,1646,1379,1382,17,-7.359,-5.752,-6.557,-5.752,2497,1943,2498,666,28,0,1
-0.508,-1.916,5.525,4.012,1.915,3.248,2.453,1.197,0.0,0.0,0.0,0.0,3.242,0.0,0.0,0.0,5.19,0.114,-4.986,0.09,1.909,0.196,1.909,0.197,3.365,-0.0,2.551,-0.0,1.802,-0.0,1.495,-0.0,1.013,0.002,21.033,15.569,13.816,967,1389,1403,1248,1290,1645,1379,1382,17,-7.359,-5.349,-6.155,-5.752,2498,1941,2498,670,28,0,1
-0.364,-1.817,5.525,4.012,1.912,3.248,2.452,1.197,0.0,0.0,0.0,0.0,3.24,0.0,0.0,0.0,5.177,0.116,-4.986,0.092,1.909,0.196,1.909,0.197,3.365,-0.0,2.551,-0.0,1.802,-0.0,1.495,-0.0,1.026,0.001,21.033,15.569,13.941,966,1389,1404,1249,1289,1646,1379,1382,17,-7.359,-5.349,-6.155,-5.752,2497,1939,2498,666,28,0,1
-0.269,-1.719,5.525,4.012,1.912,3.248,2.452,1.197,0.0,0.0,0.0,0.0,3.242,0.0,0.0,0.0,5.19,0.115,-4.986,0.091,1.909,0.196,1.911,0.196,3.363,-0.0,2.551,-0.0,1.802,-0.0,1.495,-0.0,1.026,0.001,21.15,15.569,13.941,966,1389,1403,1249,1290,1646,1379,1382,17,-7.359,-5.349,-6.155,-5.752,2497,1937,2499,664,28,0,1
-0.173,-1.621,5.525,4.012,1.912,3.248,2.452,1.197,0.0,0.0,0.0,0.0,3.242,0.0,0.0,0.0,5.19,0.112,-4.986,0.088,1.909,0.196,1.911,0.191,3.363,-0.0,2.551,-0.0,1.802,-0.0,1.495,-0.0,1.026,0.001,21.267,15.694,14.067,966,1389,1404,1249,1290,1646,1375,1378,17,-7.359,-5.752,-6.557,-5.752,2496,1935,2498,663,35,0,1
-0.078,-1.524,5.525,4.012,1.911,3.248,2.452,1.197,0.0,0.0,0.0,0.0,3.242,0.0,0.0,0.0,5.19,0.112,-4.986,0.088,1.909,0.196,1.911,0.192,3.363,-0.0,2.551,-0.0,1.802,-0.0,1.495,-0.0,1.026,0.001,21.267,15.694,14.067,966,1389,1404,1249,1290,1646,1379,1382,17,-6.958,-5.349,-6.155,-5.752,2497,1934,2498,664,28,0,1
0.017,-1.426,5.525,4.012,1.915,3.248,2.452,1.197,0.0,0.0,0.0,0.0,3.242,0.0,0.0,0.0,5.19,0.112,-4.986,0.088,1.909,0.196,1.911,0.194,3.363,-0.0,2.551,-0.0,1.802,-0.0,1.495,-0.0,1.026,0.001,21.384,15.818,14.192,966,1389,1404,1249,1291,1647,1379,1382,17,-6.958,-4.945,-6.155,-5.349,2498,1932,2498,661,28,0,1
0.112,-1.329,5.527,4.012,1.911,3.248,2.452,1.197,0.0,0.0,0.0,0.0,3.24,0.0,0.0,0.0,5.19,0.113,-4.986,0.089,1.909,0.196,1.911,0.196,3.363,-0.0,2.551,-0.0,1.802,-0.0,1.495,-0.0,1.026,0.001,21.384,15.943,14.192,966,1389,1404,1249,1290,1645,1379,1382,17,-6.958,-4.945,-5.752,-5.349,2497,1930,2498,662,28,0,1
0.207,-1.183,5.527,4.012,1.911,3.248,2.452,1.197,0.0,0.0,0.0,0.0,3.242,0.0,0.0,0.0,5.19,0.114,-4.986,0.09,1.909,0.196,1.911,0.196,3.365,-0.0,2.551,-0.0,1.802,-0.0,1.495,-0.0,1.026,0.001,21.501,15.943,14.318,966,1389,1404,1249,1291,1647,1379,1382,17,-6.958,-4.945,-5.752,-5.349,2497,1929,2499,663,28,0,1
0.302,-1.086,5.527,4.01,1.912,3.248,2.452,1.197,0.0,0.0,0.0,0.0,3.24,0.0,0.0,0.0,5.177,0.115,-4.986,0.091,1.909,0.196,1.909,0.197,3.363,-0.0,2.551,-0.0,1.802,-0.0,1.495,-0.0,1.026,0.001,21.618,16.068,14.318,966,1389,1404,1249,1289,1645,1379,1382,17,-6.958,-4.945,-5.752,-5.349,2497,1927,2498,659,28,0,1
0.396,-0.989,5.527,4.014,1.912,3.248,2.452,1.197,0.0,0.0,0.0,0.0,3.24,0.0,0.0,0.0,5.19,0.11,-4.986,0.087,1.909,0.196,1.911,0.191,3.363,-0.0,2.551,-0.0,1.802,-0.0,1.495,-0.0,1.026,0.001,21.618,16.068,14.443,966,1389,1404,1249,1291,1647,1380,1382,17,-6.557,-4.945,-5.752,-5.349,2497,1925,2498,663,28,0,1
0.491,-0.893,5.527,4.012,1.911,3.248,2.452,1.197,0.0,0.0,0.0,0.0,3.24,0.0,0.0,0.0,5.19,0.112,-4.986,0.088,1.909,0.196,1.911,0.192,3.365,-0.0,2.551,-0.0,1.802,-0.0,1.495,-0.0,1.026,0.001,21.735,16.068,14.443,966,1389,1404,1249,1291,1648,1380,1382,17,-6.557,-4.945,-5.752,-5.349,2498,1924,2498,662,28,0,1
0.585,-0.796,5.527,4.012,1.911,3.248,2.452,1.197,0.0,0.0,0.0,0.0,3.24,0.0,0.0,0.0,5.19,0.112,-4.986,0.088,1.909,0.196,1.911,0.194,3.365,-0.0,2.551,-0.0,1.802,-0.0,1.495,-0.0,1.026,0.001,21.735,16.193,14.443,966,1389,1404,1249,1290,1645,1379,1382,17,-6.557,-4.945,-5.752,-4.945,2497,1922,2498,661,28,0,1
0.679,-0.7,5.527,4.012,1.911,3.248,2.452,1.196,0.0,0.0,0.0,0.0,3.24,0.0,0.0,0.0,5.19,0.112,-4.986,0.088,1.909,0.196,1.911,0.195,3.363,-0.0,2.551,-0.0,1.802,-0.0,1.495,-0.0,1.026,0.001,21.853,16.193,14.568,966,1389,1404,1249,1291,1648,1379,1382,17,-6.557,-4.945,-5.752,-5.349,2497,1921,2498,663,28,0,1
0.773,-0.604,5.527,4.012,1.911,3.248,2.452,1.197,0.0,0.0,0.0,0.0,3.24,0.0,0.0,0.0,5.19,0.113,-4.986,0.089,1.909,0.196,1.909,0.196,3.363,-0.0,2.551,-0.0,1.802,-0.0,1.495,-0.0,1.026,0.001,21.853,16.318,14.568,966,1389,1404,1249,1290,1646,1379,1382,17,-6.557,-4.945,-5.752,-4.945,2497,1920,2498,661,28,0,1
0.867,-0.508,5.527,4.012,1.91,3.248,2.452,1.197,0.0,0.0,0.0,0.0,3.24,0.0,0.0,0.0,5.177,0.115,-4.975,0.091,1.909,0.196,1.909,0.197,3.365,-0.0,2.551,-0.0,1.802,-0.0,1.495,-0.0,1.013,0.002,21.97,16.318,14.693,965,1388,1403,1194,1286,1632,1375,1378,17,-6.557,-4.945,-5.752,-5.349,2496,1918,2497,663,35,0,1
0.96,-0.46,5.527,4.012,1.911,3.248,2.452,1.197,0.0,0.0,0.0,0.0,3.24,0.0,0.0,0.0,5.177,0.116,-4.986,0.092,1.909,0.196,1.909,0.197,3.363,-0.0,2.551,-0.0,1.802,-0.0,1.495,-0.0,1.026,0.001,21.97,16.443,14.693,966,1389,1404,1249,1290,1647,1379,1382,17,-6.557,-4.541,-5.752,-4.945,2497,1918,2498,663,28,0,1
1.054,-0.364,5.527,4.012,1.911,3.248,2.452,1.197,0.0,0.0,0.0,0.0,3.24,0.0,0.0,0.0,5.19,0.111,-4.986,0.087,1.909,0.196,1.911,0.191,3.363,-0.0,2.551,-0.0,1.802,-0.0,1.495,-0.0,1.026,0.001,22.087,16.443,14.818,966,1389,1404,1249,1291,1647,1380,1383,17,-6.557,-4.541,-5.349,-4.945,2497,1917,2498,665,28,0,1
1.1,-0.269,5.527,4.01,1.915,3.248,2.452,1.197,0.0,0.0,0.0,0.0,3.24,0.0,0.0,0.0,5.177,0.112,-4.986,0.088,1.909,0.196,1.911,0.192,3.363,-0.0,2.551,-0.0,1.802,-0.0,1.495,-0.0,1.013,0.002,22.087,16.567,14.818,965,1388,1404,1195,1287,1633,1375,1378,17,-6.557,-4.945,-5.752,-5.349,2496,1915,2497,662,35,0,1
1.194,-0.173,5.527,4.012,1.911,3.248,2.452,1.196,0.0,0.0,0.0,0.0,3.24,0.0,0.0,0.0,5.19,0.112,-4.986,0.088,1.909,0.196,1.911,0.194,3.365,-0.0,2.551,-0.0,1.802,-0.0,1.495,-0.0,1.026,0.001,22.204,16.567,14.818,966,1389,1404,1249,1291,1647,1379,1382,17,-6.155,-4.541,-5.349,-4.945,2497,1916,2498,662,28,0,1
1.287,-0.125,5.527,4.012,1.911,3.248,2.452,1.197,0.0,0.0,0.0,0.0,3.24,0.0,0.0,0.0,5.19,0.112,-4.986,0.088,1.909,0.196,1.911,0.195,3.363,-0.0,2.551,-0.0,1.802,-0.0,1.495,-0.0,1.026,0.001,22.204,16.567,14.944,966,1389,1404,1249,1290,1647,1379,1382,17,-6.155,-4.541,-5.349,-4.945,2497,1915,2498,661,28,0,1
1.333,-0.03,5.527,4.01,1.909,3.248,2.452,1.196,0.0,0.0,0.0,0.0,3.24,0.0,0.0,0.0,5.177,0.113,-4.986,0.09,1.909,0.196,1.909,0.196,3.365,-0.0,2.551,-0.0,1.802,-0.0,1.495,-0.0,1.013,0.002,22.322,16.692,14.944,966,1388,1404,1195,1287,1633,1375,1378,17,-6.557,-4.945,-5.752,-4.945,2496,1913,2497,658,35,0,1
1.426,0.065,5.527,4.014,1.911,3.248,2.452,1.197,0.0,0.0,0.0,0.0,3.24,0.0,0.0,0.0,5.177,0.115,-4.986,0.091,1.909,0.196,1.909,0.196,3.363,-0.0,2.551,-0.0,1.802,-0.0,1.495,-0.0,1.026,0.001,22.322,16.692,14.944,966,1389,1404,1249,1290,1646,1379,1382,17,-6.155,-4.541,-5.349,-4.541,2497,1914,2498,662,28,0,1
1.473,0.112,5.527,4.012,1.911,3.248,2.452,1.196,0.0,0.0,0.0,0.0,3.24,0.0,0.0,0.0,5.177,0.114,-4.986,0.091,1.909,0.196,1.909,0.196,3.363,-0.0,2.551,-0.0,1.802,-0.0,1.495,-0.0,1.026,0.001,22.439,16.692,15.069,966,1389,1404,1249,1291,1648,1380,1382,17,-5.752,-4.136,-5.349,-4.541,2497,1913,2498,660,28,0,1
1.565,0.207,5.527,4.012,1.912,3.248,2.452,1.197,0.0,0.0,0.0,0.0,3.24,0.0,0.0,0.0,5.177,0.112,-4.986,0.086,1.909,0.196,1.909,0.198,3.365,-0.0,2.551,-0.0,1.802,-0.0,1.495,-0.0,1.013,0.002,22.439,16.817,15.069,966,1388,1404,1192,1286,1631,1375,1378,17,-6.155,-4.541,-5.349,-4.945,2496,1912,2498,661,35,0,1
1.612,0.254,5.527,4.012,1.911,3.248,2.452,1.196,0.0,0.0,0.0,0.0,3.24,0.0,0.0,0.0,5.177,0.115,-4.986,0.089,1.909,0.196,1.909,0.198,3.363,-0.0,2.551,-0.0,1.802,-0.0,1.495,-0.0,1.026,0.001,22.439,16.817,15.069,966,1389,1404,1249,1291,1648,1379,1382,17,-5.752,-4.136,-4.945,-4.541,2498,1912,2498,661,28,0,1
1.658,0.302,5.527,4.012,1.908,3.248,2.452,1.196,0.0,0.0,0.0,0.0,3.24,0.0,0.0,0.0,5.177,0.115,-4.986,0.089,1.909,0.196,1.909,0.199,3.363,-0.0,2.551,-0.0,1.802,-0.0,1.495,-0.0,1.026,0.001,22.556,16.817,15.194,966,1389,1404,1249,1290,1647,1379,1382,17,-5.752,-4.136,-4.945,-4.541,2497,1911,2498,662,28,0,1
1.704,0.396,5.527,4.01,1.91,3.248,2.452,1.196,0.0,0.0,0.0,0.0,3.24,0.0,0.0,0.0,5.177,0.114,-4.986,0.089,1.909,0.196,1.906,0.2,3.365,-0.0,2.551,-0.0,1.802,-0.0,1.495,-0.0,1.013,0.002,22.556,16.942,15.194,965,1388,1404,1193,1286,1632,1375,1378,17,-6.155,-4.541,-5.349,-4.945,2496,1910,2497,659,35,0,1
1.751,0.443,5.527,4.012,1.911,3.248,2.452,1.196,0.0,0.0,0.0,0.0,3.24,0.0,0.0,0.0,5.177,0.115,-4.986,0.089,1.909,0.196,1.906,0.201,3.365,-0.0,2.551,-0.0,1.802,-0.0,1.495,-0.0,1.026,0.001,22.674,16.942,15.194,966,1389,1404,1249,1291,1648,1379,1382,17,-5.752,-4.136,-4.945,-4.541,2497,1910,2498,659,28,0,1
1.843,0.491,5.527,4.012,1.911,3.248,2.452,1.197,0.0,0.0,0.0,0.0,3.24,0.0,0.0,0.0,5.177,0.116,-4.986,0.09,1.909,0.196,1.906,0.202,3.363,-0.0,2.551,-0.0,1.802,-0.0,1.495,-0.0,1.026,0.001,22.674,17.066,15.319,966,1389,1404,1249,1290,1647,1379,1382,17,-5.752,-4.136,-4.945,-4.541,2497,1909,2498,659,28,0,1
1.889,0.538,5.529,4.012,1.909,3.248,2.452,1.197,0.0,0.0,0.0,0.0,3.24,0.0,0.0,0.0,5.177,0.116,-4.986,0.09,1.909,0.196,1.906,0.201,3.365,-0.0,2.551,-0.0,1.802,-0.0,1.495,-0.0,1.013,0.002,22.674,17.066,15.319,965,1388,1404,1192,1286,1632,1375,1378,17,-6.155,-4.541,-5.349,-4.541,2496,1908,2497,663,35,0,1
1.889,0.632,5.529,4.014,1.911,3.248,2.452,1.197,0.0,0.0,0.0,0.0,3.24,0.0,0.0,0.0,5.19,0.112,-4.996,0.086,1.909,0.196,1.909,0.198,3.365,-0.0,2.551,-0.0,1.802,-0.0,1.495,-0.0,1.026,0.001,22.792,17.066,15.319,966,1389,1404,1249,1291,1648,1380,1383,17,-5.752,-4.136,-4.945,-4.541,2497,1908,2498,659,28,0,1
1.935,0.679,5.529,4.012,1.911,3.248,2.452,1.197,0.0,0.0,0.0,0.0,3.24,0.0,0.0,0.0,5.177,0.115,-4.986,0.089,1.909,0.196,1.909,0.198,3.363,-0.0,2.551,-0.0,1.802,-0.0,1.495,-0.0,1.026,0.001,22.792,17.066,15.319,966,1389,1404,1249,1291,1648,1379,1382,17,-5.752,-4.136,-4.945,-4.136,2497,1908,2498,664,28,0,1
1.981,0.726,5.529,4.012,1.91,3.248,2.452,1.196,0.0,0.0,0.0,0.0,3.24,0.0,0.0,0.0,5.177,0.115,-4.986,0.089,1.909,0.196,1.906,0.2,3.365,-0.0,2.551,-0.0,1.802,-0.0,1.495,-0.0,1.013,0.002,22.792,17.191,15.444,966,1388,1404,1192,1286,1633,1375,1378,17,-5.752,-4.136,-5.349,-4.541,2496,1906,2497,662,35,0,1
2.027,0.773,5.527,4.012,1.911,3.248,2.452,1.197,0.0,0.0,0.0,0.0,3.24,0.0,0.0,0.0,5.19,0.115,-4.986,0.089,1.909,0.197,1.909,0.2,3.363,-0.0,2.551,-0.0,1.802,-0.0,1.495,-0.0,1.026,0.001,22.909,17.191,15.444,966,1389,1404,1249,1290,1647,1379,1383,17,-5.752,-3.73,-4.945,-4.136,2497,1907,2498,662,28,0,1
2.073,0.82,5.527,4.014,1.909,3.246,2.452,1.197,0.0,0.0,0.0,0.0,3.24,0.0,0.0,0.0,5.177,0.115,-4.986,0.089,1.909,0.197,1.909,0.201,3.365,-0.0,2.551,-0.0,1.802,-0.0,1.495,-0.0,1.026,0.001,22.909,17.191,15.444,966,1389,1404,1249,1290,1647,1379,1383,17,-5.752,-3.73,-4.541,-4.136,2497,1906,2498,660,29,0,1
2.119,0.867,5.529,4.012,1.911,3.246,2.452,1.196,0.0,0.0,0.0,0.0,3.24,0.0,0.0,0.0,5.177,0.116,-4.986,0.09,1.909,0.196,1.906,0.201,3.365,-0.0,2.551,-0.0,1.802,-0.0,1.495,-0.0,1.013,0.002,22.909,17.316,15.569,965,1388,1404,1192,1286,1633,1375,1378,17,-5.752,-4.136,-4.945,-4.541,2497,1904,2497,660,35,0,1
2.165,0.913,5.529,4.014,1.911,3.248,2.452,1.196,0.0,0.0,0.0,0.0,3.24,0.0,0.0,0.0,5.177,0.115,-4.986,0.089,1.909,0.196,1.906,0.201,3.365,-0.0,2.551,-0.0,1.802,-0.0,1.495,-0.0,1.026,0.001,23.027,17.316,15.569,966,1389,1404,1249,1290,1647,1379,1383,17,-5.349,-3.73,-4.541,-4.136,2497,1904,2498,660,28,0,1
2.211,0.96,5.529,4.012,1.911,3.248,2.452,1.196,0.0,0.0,0.0,0.0,3.24,0.0,0.0,0.0,5.19,0.114,-4.986,0.088,1.909,0.196,1.909,0.198,3.363,0.0,2.551,-0.0,1.802,-0.0,1.495,-0.0,1.026,0.001,23.027,17.316,15.569,966,1389,1404,1250,1291,1649,1379,1383,17,-5.349,-3.73,-4.541,-4.136,2497,1904,2498,661,28,0,1
2.257,1.007,5.529,4.01,1.913,3.248,2.452,1.197,0.0,0.0,0.0,0.0,3.24,0.0,0.0,0.0,5.177,0.115,-4.986,0.089,1.909,0.196,1.909,0.199,3.365,-0.0,2.551,-0.0,1.802,-0.0,1.495,-0.0,1.026,0.001,23.027,17.316,15.569,966,1389,1404,1249,1286,1632,1375,1379,17,-5.752,-4.136,-4.945,-4.541,2496,1903,2497,660,35,0,1
2.303,1.054,5.529,4.014,1.91,3.248,2.452,1.196,0.0,0.0,0.0,0.0,3.24,0.0,0.0,0.0,5.177,0.114,-4.986,0.089,1.909,0.196,1.909,0.2,3.365,-0.0,2.551,-0.0,1.802,-0.0,1.495,-0.0,1.026,0.001,23.145,17.316,15.569,966,1389,1404,1249,1291,1649,1380,1383,17,-5.349,-3.73,-4.541,-3.73,2497,1903,2498,662,28,0,1
2.303,1.1,5.529,4.012,1.91,3.246,2.452,1.196,0.0,0.0,0.0,0.0,3.24,0.0,0.0,0.0,5.177,0.115,-4.986,0.089,1.909,0.196,1.909,0.201,3.365,-0.0,2.551,-0.0,1.802,-0.0,1.495,-0.0,1.026,0.001,23.145,17.44,15.694,966,1389,1404,1249,1291,1647,1379,1383,17,-5.349,-3.73,-4.541,-3.73,2497,1902,2498,661,28,0,1
2.348,1.1,5.529,4.014,1.91,3.246,2.452,1.196,0.0,0.0,0.0,0.0,3.24,0.0,0.0,0.0,5.177,0.116,-4.986,0.09,1.909,0.196,1.906,0.201,3.365,-0.0,2.551,-0.0,1.802,-0.0,1.498,-0.0,1.013,0.002,23.145,17.44,15.694,965,1389,1404,1249,1291,1648,1379,1383,17,-4.945,-3.324,-4.136,-3.73,2497,1902,2498,658,28,0,1
2.394,1.147,5.529,4.014,1.91,3.246,2.452,1.196,0.0,0.0,0.0,0.0,3.24,0.0,0.0,0.0,5.177,0.117,-4.986,0.091,1.909,0.196,1.906,0.202,3.363,-0.0,2.551,-0.0,1.802,-0.0,1.495,-0.0,1.026,0.001,23.145,17.44,15.694,966,1389,1404,1249,1291,1648,1379,1383,17,-5.349,-3.73,-4.541,-3.73,2497,1901,2498,661,28,0,1
2.44,1.194,5.529,4.012,1.911,3.248,2.452,1.196,0.0,0.0,0.0,0.0,3.24,0.0,0.0,0.0,5.19,0.112,-4.996,0.086,1.909,0.196,1.909,0.198,3.365,-0.0,2.551,-0.0,1.802,-0.0,1.495,-0.0,1.026,0.001,23.262,17.44,15.694,966,1389,1405,1250,1291,1648,1380,1383,17,-4.945,-3.324,-4.541,-3.73,2497,1900,2498,661,28,0,1
2.44,1.24,5.529,4.01,1.909,3.248,2.452,1.197,0.0,0.0,0.0,0.0,3.24,0.0,0.0,0.0,5.177,0.115,-4.986,0.089,1.909,0.197,1.909,0.198,3.363,-0.0,2.551,-0.0,1.802,-0.0,1.495,-0.0,1.013,0.002,23.262,17.565,15.818,965,1388,1404,1192,1286,1633,1375,1378,17,-5.349,-3.73,-4.541,-4.136,2497,1899,2497,663,35,0,1
2.486,1.287,5.529,4.014,1.911,3.248,2.452,1.196,0.0,0.0,0.0,0.0,3.24,0.0,0.0,0.0,5.177,0.115,-4.986,0.089,1.909,0.196,1.909,0.199,3.363,-0.0,2.551,-0.0,1.802,-0.0,1.495,-0.0,1.026,0.001,23.262,17.565,15.818,966,1389,1404,1249,1291,1648,1380,1383,17,-4.945,-3.324,-4.136,-3.73,2497,1899,2498,663,28,0,1
2.531,1.333,5.529,4.012,1.91,3.246,2.452,1.196,0.0,0.0,0.0,0.0,3.24,0.0,0.0,0.0,5.19,0.115,-4.986,0.089,1.909,0.197,1.906,0.201,3.365,-0.0,2.551,-0.0,1.802,-0.0,1.495,-0.0,1.026,0.001,23.262,17.565,15.818,967,1389,1405,1250,1290,1647,1379,1383,17,-4.945,-3.324,-4.136,-3.73,2497,1899,2498,659,28,0,1
2.531,1.333,5.529,4.014,1.911,3.246,2.452,1.196,0.0,0.0,0.0,0.0,3.24,0.0,0.0,0.0,5.177,0.115,-4.986,0.089,1.909,0.197,1.906,0.201,3.365,-0.0,2.551,-0.0,1.802,-0.0,1.495,-0.0,1.026,0.001,23.262,17.565,15.818,966,1389,1404,1249,1291,1649,1380,1383,17,-4.945,-3.324,-4.136,-3.73,2497,1898,2498,661,29,0,1
2.577,1.38,5.529,4.012,1.91,3.246,2.452,1.196,0.0,0.0,0.0,0.0,3.24,0.0,0.0,0.0,5.177,0.116,-4.986,0.09,1.909,0.197,1.906,0.202,3.363,-0.0,2.551,-0.0,1.802,-0.0,1.495,-0.0,1.026,0.001,23.38,17.565,15.818,966,1389,1404,1249,1290,1647,1379,1383,17,-4.945,-3.324,-4.136,-3.73,2497,1897,2498,659,28,0,1
2.623,1.426,5.529,4.012,1.91,3.246,2.452,1.196,0.0,0.0,0.0,0.0,3.24,0.0,0.0,0.0,5.177,0.115,-4.986,0.089,1.909,0.196,1.906,0.201,3.363,-0.0,2.551,-0.0,1.802,-0.0,1.495,-0.0,1.026,0.001,23.38,17.565,15.818,966,1389,1405,1250,1291,1650,1380,1383,17,-4.945,-3.324,-4.136,-3.73,2497,1897,2498,663,28,0,1
2.668,1.426,5.529,4.012,1.911,3.248,2.452,1.197,0.0,0.0,0.0,0.0,3.24,0.0,0.0,0.0,5.19,0.112,-4.986,0.086,1.909,0.196,1.909,0.198,3.365,-0.0,2.551,-0.0,1.802,-0.0,1.495,-0.0,1.026,0.001,23.38,17.565,15.818,967,1389,1405,1249,1292,1649,1380,1383,17,-4.945,-3.324,-4.136,-3.324,2497,1897,2498,656,28,0,1
2.668,1.473,5.529,4.012,1.91,3.248,2.452,1.196,0.0,0.0,0.0,0.0,3.24,0.0,0.0,0.0,5.177,0.112,-4.996,0.086,1.909,0.196,1.909,0.198,3.363,-0.0,2.551,-0.0,1.802,-0.0,1.495,-0.0,1.026,0.001,23.38,17.69,15.943,966,1389,1404,1249,1291,1647,1380,1383,17,-4.945,-3.324,-4.136,-3.73,2497,1896,2498,657,28,0,1
2.714,1.519,5.529,4.012,1.91,3.246,2.452,1.196,0.0,0.0,0.0,0.0,3.24,0.0,0.0,0.0,5.19,0.112,-4.986,0.086,1.909,0.196,1.909,0.198,3.365,-0.0,2.551,-0.0,1.802,-0.0,1.495,-0.0,1.026,0.001,23.38,17.69,15.943,966,1389,1405,1249,1292,1649,1380,1383,17,-4.945,-3.324,-4.136,-3.73,2497,1896,2498,659,28,0,1
